epoch,loss,acc,val_loss,val_acc
1,1.7325416,0.37644047,1.6877991,0.40824682
4,1.2901969,0.54321384,1.3228511,0.5301518
